{
    "metadata":{
        "normals":194,
        "type":"Geometry",
        "uvs":0,
        "version":3,
        "generator":"io_three",
        "faces":198,
        "materials":5,
        "vertices":176
    },
    "normals":[0.408946,0.661699,0.628425,-0.4713,0.661699,0.583122,-0.700224,0.661699,-0.268032,0.0385303,0.661699,-0.748779,0.724042,0.661695,-0.194736,0.268034,0.943523,-0.194737,0.491119,0.794658,-0.356821,0.408946,0.661698,-0.628425,-0.102381,0.943523,-0.31509,-0.187594,0.794658,-0.577345,-0.4713,0.661699,-0.583122,-0.331305,0.943524,0,-0.60706,0.794656,0,-0.700224,0.661699,0.268032,-0.102381,0.943523,0.31509,-0.187594,0.794658,0.577345,0.0385305,0.661699,0.748779,0.268034,0.943523,0.194737,0.491119,0.794658,0.356821,0.724042,0.661695,0.194736,0.889697,0.330385,-0.315095,0.794656,0.187595,-0.577348,0.574602,0.330388,-0.748784,-0.0247466,0.330386,-0.943521,-0.303531,0.187597,-0.934171,-0.534576,0.330387,-0.777865,-0.904989,0.330385,-0.268032,-0.982246,0.187599,-8.20019e-09,-0.904989,0.330385,0.268031,-0.534576,0.330387,0.777865,-0.303531,0.187597,0.934171,-0.0247466,0.330386,0.943521,0.574602,0.330388,0.748783,0.794656,0.187595,0.577348,0.889697,0.330385,0.315095,0.306569,0.125629,-0.943522,-0.802609,0.125627,-0.583126,-0.802609,0.125627,0.583126,0.306569,0.125629,0.943522,0.992077,0.125628,-5.49139e-09,0.435861,0.842464,-0.31667,0.166484,0.842464,0.512384,0.166484,0.842464,-0.512384,0.538752,0.842464,-3.80042e-08,-0.435861,0.842464,-0.31667,0.435861,0.842464,0.31667,-0.166484,0.842464,0.512384,-0.435861,0.842464,0.31667,-0.538752,0.842464,-3.80042e-08,-0.166484,0.842464,-0.512384,0.309017,0,0.951056,0.309017,0,-0.951056,-1,0,0,1,-0,0,-0.809018,0,-0.587783,-0.309017,0,0.951056,0.809018,0,-0.587783,-0.809018,0,0.587783,0.809018,0,0.587783,-0.309017,0,-0.951056,0.123225,0.917054,-0.379246,-0.398763,0.917054,-2.18096e-08,0.398763,0.917054,-2.18096e-08,-0.322607,0.917054,-0.234386,-0.123225,0.917054,0.379246,0.322607,0.917054,-0.234386,-0.322607,0.917054,0.234386,0.322607,0.917054,0.234386,-0.123225,0.917054,-0.379246,0.123225,0.917054,0.379246,-1,0,0,1,-0,0,-0.809018,0,-0.587783,-0.309017,0,0.951056,0.809018,0,-0.587783,-0.809018,0,0.587783,0.809018,0,0.587783,-0.309017,0,-0.951056,0.309017,0,0.951056,0.309017,0,-0.951056,-0.320122,-0.918383,-0.232581,-0.122276,-0.918383,0.376326,0.320122,-0.918383,-0.232581,-0.320122,-0.918383,0.232581,0.320122,-0.918383,0.232581,-0.122276,-0.918383,-0.376326,0.122276,-0.918383,0.376326,0.122276,-0.918383,-0.376326,-0.395692,-0.918383,0,0.395692,-0.918383,0,0.123225,0.917054,-0.379247,-0.398763,0.917054,0,0.398763,0.917054,0,-0.322607,0.917054,-0.234386,-0.123225,0.917054,0.379247,0.322607,0.917054,-0.234386,-0.322607,0.917054,0.234386,0.322607,0.917054,0.234386,-0.123225,0.917054,-0.379246,0.123225,0.917054,0.379246,0.123225,0.917054,-0.379246,-0.398762,0.917054,-3.22692e-08,0.398762,0.917054,-3.22692e-08,-0.322607,0.917054,-0.234386,-0.123225,0.917054,0.379246,0.322607,0.917054,-0.234386,-0.322607,0.917054,0.234386,0.322607,0.917054,0.234386,-0.123225,0.917054,-0.379246,0.123225,0.917054,0.379246,-0.671845,0.731864,-0.114015,0.123225,0.917054,0.379246,0.123224,0.917054,0.379246,0.123225,0.917054,0.379246,0.123225,0.917054,0.379246,0.316043,0.731865,0.60373,-0.123225,0.917054,-0.379246,-0.123224,0.917054,-0.379246,-0.123225,0.917054,-0.379247,-0.123225,0.917054,-0.379246,-0.213334,0.723463,-0.656575,0.322607,0.917054,0.234386,0.322607,0.917054,0.234386,0.322607,0.917054,0.234386,0.322607,0.917054,0.234386,-0.0991764,0.731859,0.674201,-0.322607,0.917054,0.234386,-0.322607,0.917054,0.234386,-0.322607,0.917054,0.234386,-0.322607,0.917054,0.234386,0.213334,0.723463,-0.656575,0.322607,0.917054,-0.234386,0.322607,0.917054,-0.234386,0.322607,0.917054,-0.234386,0.322607,0.917054,-0.234386,-0.808965,-0.0115311,0.587744,-0.123225,0.917054,0.379246,-0.123225,0.917054,0.379246,-0.123225,0.917054,0.379246,-0.123225,0.917054,0.379246,-0.999934,-0.011528,0,-0.322607,0.917054,-0.234386,-0.322607,0.917054,-0.234386,-0.322607,0.917054,-0.234386,-0.322607,0.917054,-0.234386,-0.476516,0.731865,-0.48714,0.398763,0.917054,-2.42888e-08,0.398763,0.917054,-4.89078e-08,0.398763,0.917054,-3.551e-08,0.398763,0.917054,-9.78156e-08,-0.0991764,0.731859,-0.674201,-0.398763,0.917054,-2.42888e-08,-0.398763,0.917054,-9.78156e-08,-0.398763,0.917054,-3.551e-08,-0.398763,0.917054,-4.89078e-08,-0.671845,0.731864,0.114015,0.123225,0.917054,-0.379246,0.123225,0.917054,-0.379246,0.123225,0.917054,-0.379246,0.123225,0.917054,-0.379246,-0.610551,0.731864,0.302661,-0.308997,-0.0115301,0.950993,0.308997,-0.0115301,0.950993,-0.690364,0.723463,0,-0.558517,0.723463,-0.405784,0.610551,0.731864,0.302661,0.671845,0.731864,-0.114015,0.0991764,0.731859,0.674201,-0.316044,0.731866,0.60373,0.999934,-0.011528,0,0.808965,-0.0115311,0.587744,-0.213334,0.723463,0.656575,-0.558517,0.723463,0.405784,0.0991764,0.731859,-0.674201,0.476516,0.731865,-0.48714,0.671845,0.731864,0.114015,0.476516,0.731865,0.48714,0.308997,-0.0115301,-0.950993,0.808965,-0.0115311,-0.587744,0.558517,0.723463,0.405784,-0.610551,0.731864,-0.302661,0.213334,0.723463,0.656575,-0.316043,0.731865,-0.60373,0.316043,0.731866,-0.60373,0.610551,0.731864,-0.302661,-0.808965,-0.0115311,-0.587744,-0.308997,-0.0115301,-0.950993,0.690364,0.723463,0,0.558517,0.723463,-0.405784,-0.476516,0.731865,0.48714,0,-1,-0,0,-1,0,0,-1,0,-0,-1,0],
    "materials":[{
        "blending":"NormalBlending",
        "specularCoef":11,
        "colorDiffuse":[0.00763823,0.021346,0.0534453],
        "DbgColor":15658734,
        "depthTest":true,
        "colorSpecular":[0.157606,0.242047,0.290153],
        "DbgIndex":0,
        "wireframe":false,
        "shading":"phong",
        "colorEmissive":[0,0,0],
        "visible":true,
        "opacity":1,
        "doubleSided":false,
        "depthWrite":true,
        "DbgName":"Material.001",
        "transparent":false
    },{
        "blending":"NormalBlending",
        "specularCoef":50,
        "colorDiffuse":[0.64,0.232682,0.00910016],
        "DbgColor":15597568,
        "depthTest":true,
        "colorSpecular":[0.0603448,0.0603448,0.0603448],
        "DbgIndex":1,
        "wireframe":false,
        "shading":"phong",
        "colorEmissive":[0,0,0],
        "visible":true,
        "opacity":1,
        "doubleSided":false,
        "depthWrite":true,
        "DbgName":"Material.002",
        "transparent":false
    },{
        "blending":"NormalBlending",
        "specularCoef":12,
        "colorDiffuse":[0.402869,0.640524,0.29202],
        "DbgColor":60928,
        "depthTest":true,
        "colorSpecular":[0.155326,0.710084,0.399483],
        "DbgIndex":2,
        "wireframe":false,
        "shading":"phong",
        "colorEmissive":[0,0,0],
        "visible":true,
        "opacity":1,
        "doubleSided":false,
        "depthWrite":true,
        "DbgName":"Material.003",
        "transparent":false
    },{
        "blending":"NormalBlending",
        "colorDiffuse":[0.00826386,0.0177391,0.0435842],
        "DbgColor":15658496,
        "depthTest":true,
        "DbgIndex":4,
        "wireframe":false,
        "shading":"lambert",
        "colorEmissive":[0.0165277,0.0354782,0.0871685],
        "visible":true,
        "opacity":1,
        "doubleSided":false,
        "depthWrite":true,
        "DbgName":"Material.005",
        "transparent":false
    },{
        "blending":"NormalBlending",
        "specularCoef":50,
        "colorDiffuse":[0.64,0.226128,0],
        "DbgColor":238,
        "depthTest":true,
        "colorSpecular":[0.5,0.5,0.5],
        "DbgIndex":3,
        "wireframe":false,
        "shading":"phong",
        "colorEmissive":[0,0,0],
        "visible":true,
        "opacity":1,
        "doubleSided":false,
        "depthWrite":true,
        "DbgName":"Material.004",
        "transparent":false
    }],