{
    "metadata": {
        "materials": 3,
        "type": "Geometry",
        "uvs": 0,
        "generator": "io_three",
        "version": 3,
        "vertices": 139,
        "normals": 139,
        "faces": 134
    },
    "materials": [{
        "colorEmissive": [0,0,0],
        "depthTest": true,
        "visible": true,
        "colorSpecular": [0.157233,0.157233,0.157233],
        "blending": "NormalBlending",
        "shading": "phong",
        "opacity": 1,
        "colorDiffuse": [0.16152,0.000355,0],
        "DbgColor": 15658734,
        "colorAmbient": [0.16152,0.000355,0],
        "DbgIndex": 0,
        "depthWrite": true,
        "DbgName": "fuseeMatRouge",
        "specularCoef": 0,
        "wireframe": false,
        "transparent": false
    },{
        "colorEmissive": [0,0,0],
        "depthTest": true,
        "visible": true,
        "colorSpecular": [0.314465,0.314465,0.314465],
        "blending": "NormalBlending",
        "shading": "phong",
        "opacity": 1,
        "colorDiffuse": [0.230637,0.230637,0.230637],
        "DbgColor": 15597568,
        "colorAmbient": [0.230637,0.230637,0.230637],
        "DbgIndex": 1,
        "depthWrite": true,
        "DbgName": "fusseMatBlanc",
        "specularCoef": 100,
        "wireframe": false,
        "transparent": false
    },{
        "colorEmissive": [0,0,0],
        "depthTest": true,
        "visible": true,
        "colorSpecular": [0.160377,0.160377,0.160377],
        "blending": "NormalBlending",
        "shading": "phong",
        "opacity": 1,
        "colorDiffuse": [0.002029,0.010206,0.015079],
        "DbgColor": 60928,
        "colorAmbient": [0.002029,0.010206,0.015079],
        "DbgIndex": 2,
        "depthWrite": true,
        "DbgName": "vitreMat",
        "specularCoef": 10,
        "wireframe": false,
        "transparent": false
    }],
    "vertices": [-5.40577,-3.02936,-12.0623,-5.47647,-1.20042,-12.1969,-5.47486,-3.02936,-12.026,-5.54556,-1.20042,-12.1606,-5.84085,-1.908,-12.8906,-5.70386,-0.706256,-12.6298,-5.90995,-1.908,-12.8544,-5.77296,-0.706256,-12.5935,-7.10751,-3.02936,-15.1343,-7.0368,-1.20042,-14.9997,-7.03841,-3.02936,-15.1706,-6.96771,-1.20042,-15.036,-6.67242,-1.908,-14.306,-6.80941,-0.706256,-14.5668,-6.60332,-1.908,-14.3423,-6.74031,-0.706256,-14.6031,-4.71022,-3.02936,-14.46,-4.84483,-1.20042,-14.3893,-4.67393,-3.02936,-14.3909,-4.80854,-1.20042,-14.3202,-5.53856,-1.908,-14.0249,-5.27775,-0.706256,-14.1619,-5.50227,-1.908,-13.9558,-5.24146,-0.706256,-14.0928,-7.79401,-3.02936,-12.7521,-7.6594,-1.20042,-12.8228,-7.8303,-3.02936,-12.8212,-7.69569,-1.20042,-12.8919,-6.96567,-1.908,-13.1872,-7.22648,-0.706256,-13.0502,-7.00196,-1.908,-13.2563,-7.26277,-0.706256,-13.1193,-6.64851,0.912191,-12.356,-6.58252,0.891297,-12.5694,-6.27877,1.02427,-12.3137,-6.21277,1.00338,-12.527,-6.01745,1.31876,-12.3919,-5.95146,1.29787,-12.6052,-6.00611,1.70141,-12.4258,-5.94011,1.68051,-12.6392,-6.24926,2.0199,-12.402,-6.18326,1.99901,-12.6154,-6.612,2.14431,-12.4654,-6.546,2.12341,-12.6787,-6.94757,2.02141,-12.6182,-6.88158,2.00052,-12.8316,-7.136,1.70384,-12.7756,-7.07001,1.68295,-12.989,-7.14734,1.3212,-12.7416,-7.08135,1.30031,-12.955,-6.97708,1.02578,-12.5298,-6.91108,1.00488,-12.7432,-6.66335,1.02783,-12.3073,-6.35621,1.11905,-12.2822,-6.15704,1.36211,-12.3361,-6.14771,1.67683,-12.364,-6.33197,1.93685,-12.3548,-6.63335,2.04013,-12.3971,-6.90632,1.93809,-12.5326,-7.05419,1.67878,-12.6446,-7.06352,1.36407,-12.6167,-6.93056,1.12029,-12.46,-6.63881,1.02006,-12.3866,-6.33167,1.11128,-12.3616,-6.11028,1.3509,-12.4468,-6.10096,1.66562,-12.4747,-6.30743,1.92908,-12.4342,-6.60881,2.03236,-12.4765,-6.88178,1.93032,-12.612,-7.03027,1.66762,-12.7624,-7.0396,1.35291,-12.7345,-6.90601,1.11252,-12.5394,-5.67833,3.21968,-13.9181,-5.95253,3.21968,-13.029,-6.25998,4.0076,-13.6106,-6.84164,3.21968,-13.3032,-6.56743,3.21968,-14.1923,-5.26439,-0.716703,-14.1369,-5.73373,-0.716702,-12.615,-7.25557,-0.716702,-13.0844,-6.78623,-0.716703,-14.6062,-5.52511,-1.91742,-13.9991,-5.87154,-1.91742,-12.8758,-6.99485,-1.91742,-13.2222,-6.64842,-1.91742,-14.3455,-5.61935,3.21968,-13.413,-6.9006,3.21968,-13.8082,-5.22358,-0.730938,-13.291,-7.29638,-0.730938,-13.9302,-5.39923,-1.91742,-13.3452,-7.12073,-1.91742,-13.8761,-6.45755,3.21968,-12.97,-6.06241,3.21968,-14.2512,-6.57961,-0.730938,-12.5742,-5.94035,-0.730938,-14.647,-6.52544,-1.91742,-12.7499,-5.99452,-1.91742,-14.4714,-6.84584,1.19256,-14.719,-5.15162,1.19256,-14.1965,-7.36834,1.19256,-13.0248,-5.67412,1.19256,-12.5023,-5.07648,1.18638,-13.2456,-7.44348,1.18638,-13.9756,-6.62497,1.18638,-12.4271,-5.89499,1.18638,-14.7941,-6.81382,1.8912,-14.6584,-7.30776,1.8912,-13.0568,-5.70614,1.8912,-12.5628,-5.2122,1.8912,-14.1645,-5.12609,1.88786,-13.2609,-7.39387,1.88786,-13.9603,-6.60967,1.88786,-12.4767,-5.91029,1.88786,-14.7445,-6.71727,3.2986,-13.7516,-6.72294,2.58542,-14.4865,-7.13583,2.58542,-13.1477,-5.79702,2.58542,-12.7348,-5.38413,2.58542,-14.0736,-5.30557,2.58372,-13.3163,-7.21439,2.58372,-13.905,-6.55432,2.58372,-12.6562,-5.96564,2.58372,-14.565,-5.71943,-1.91742,-13.8963,-5.97426,-1.91742,-13.0701,-6.80053,-1.91742,-13.3249,-6.5457,-1.91742,-14.1512,-5.62683,-1.91742,-13.4154,-6.89313,-1.91742,-13.8059,-6.45524,-1.91742,-12.9775,-6.06472,-1.91742,-14.2438,-5.59981,-2.30789,-13.9596,-5.91102,-2.30789,-12.9504,-6.92015,-2.30789,-13.2617,-6.60894,-2.30789,-14.2708,-5.48672,-2.30789,-13.3721,-7.03324,-2.30789,-13.8491,-6.49845,-2.30789,-12.8374,-6.02151,-2.30789,-14.3839,-6.62062,1.5252,-12.4418],